{"cameraMode":{"drawMode":0,"name":"Shaded","section":"Shading Mode"},"sceneLighting":true,"audioPlay":false,"sceneViewState":{"m_AlwaysRefresh":false,"showFog":true,"showSkybox":true,"showFlares":true,"showImageEffects":true,"showParticleSystems":true,"showVisualEffectGraphs":true,"m_FxEnabled":true},"in2DMode":false,"pivot":{"x":5.432513236999512,"y":0.5671243667602539,"z":-15.778585433959961},"rotation":{"x":0.08677389472723007,"y":-0.9117695689201355,"z":0.25559136271476748,"w":0.3095473647117615},"size":11.988669395446778,"orthographic":false}