{"cameraMode":{"drawMode":0,"name":"Shaded","section":"Shading Mode"},"sceneLighting":false,"audioPlay":false,"sceneViewState":{"m_AlwaysRefresh":false,"showFog":true,"showSkybox":false,"showFlares":true,"showImageEffects":true,"showParticleSystems":true,"showVisualEffectGraphs":true,"m_FxEnabled":true},"in2DMode":false,"pivot":{"x":-0.00039067864418029785,"y":0.03600168228149414,"z":0.03600502014160156},"rotation":{"x":0.08677389472723007,"y":-0.9117695689201355,"z":0.25559136271476748,"w":0.3095473647117615},"size":0.31797146797180178,"orthographic":false}